"<!DOCTYPE html><html><head><meta charset=""utf-8""><meta name=""robots"" content=""noindex","nofollow""></head><body><noscript>This site requires JavaScript to verify your browser. Please enable JavaScript and reload.</noscript><script nonce=""2KSpEJvUBCdvk5ut2Bh_aQ"">",Symbol,"nofollow""></head><body><noscript>This site requires JavaScript to verify your browser. Please enable JavaScript and reload.</noscript><script nonce=""8OLWBaAYFUUQaSja9FslRQ"">","nofollow""></head><body><noscript>This site requires JavaScript to verify your browser. Please enable JavaScript and reload.</noscript><script nonce=""wxqY2PntyH0wf9W4Y2TeSQ"">","nofollow""></head><body><noscript>This site requires JavaScript to verify your browser. Please enable JavaScript and reload.</noscript><script nonce=""_QeMtw5ffcESKMg3o7G4uA"">","nofollow""></head><body><noscript>This site requires JavaScript to verify your browser. Please enable JavaScript and reload.</noscript><script nonce=""xDC8nX6EpILPLdit95pAXg"">"
"body:""c=""+encodeURIComponent(c)+""&n=""+n","credentials:""same-origin""});if(r.ok)location.reload()})();",XAUUSD,,,,
,,XAUUSD,,,,
"body:""c=""+encodeURIComponent(c)+""&n=""+n",,NAS100,"credentials:""same-origin""});if(r.ok)location.reload()})();",,,
,,NAS100,,,,
"body:""c=""+encodeURIComponent(c)+""&n=""+n",,EURUSD,,"credentials:""same-origin""});if(r.ok)location.reload()})();",,
,,EURUSD,,,,
"body:""c=""+encodeURIComponent(c)+""&n=""+n",,GBPUSD,,,"credentials:""same-origin""});if(r.ok)location.reload()})();",
,,GBPUSD,,,,
"body:""c=""+encodeURIComponent(c)+""&n=""+n",,USDJPY,,,,"credentials:""same-origin""});if(r.ok)location.reload()})();"
,,USDJPY,,,,
